dim_license_id,dim_source,dim_load_date,license_id,certificationoption,gmr_download_status,date_requirements_viewed,date_selfassessment_uploaded,date_gmr_uploaded,contract_sign_status,date_contract_signed,license_type,license_status,license_standard,start_date_license,end_date_license,original_end_date,legalagreementchecked,scheme_owner,license_year
00A8DC740B8ED94144F8FE50B9D5FEF2,RACP,09/08/22 07:47:00,RALI22-29706366,Group Of Mixed Farms,,6/16/2022,,,,,,,,,,,,RA,
01D05254BC8D0E9E7E266F925E9C502C,RACP,09/08/22 07:47:00,RALI21-81684320,Group Of Small Farms,Validated,3/17/2022,3/17/2022,11/2/2021,BothConfirmed,11/3/2021,CB License,Granted,Farming,10/1/2021,10/1/2022,,TRUE,RA,
01D338F4776345628F914F72907C3A29,RACP,09/08/22 07:47:00,RALI21-82194647,,,1/6/2022,2/18/2022,,BothConfirmed,12/30/2021,CB License,Granted,Farming,10/1/2021,10/1/2022,,TRUE,RA,Transition year 1
02E06F22B1472A11DC10F300A67B3BC1,RACP,09/08/22 07:47:00,RALI21-12955486,Multi Site,,5/18/2022,12/14/2021,,,,Endorsement License,Granted,Supply Chain,10/11/2021,1/11/2023,,TRUE,RA,Full certification 1
030B505288EDCBB75F43C4878F682630,RACP,09/08/22 07:47:00,RALI22-13709832,Group Of Mixed Farms,,7/28/2022,,,,,,,,,,,,RA,
04517090C0008BA0D26C6787E8B349D7,RACP,09/08/22 07:47:00,RALI22-19447101,,,,,,,,,,,,,,,RA,
04ABD235DFC86D4FD1DBCAC088ED5BC4,RACP,09/08/22 07:47:00,RALI21-21037107,Single Farm,,1/6/2022,1/12/2022,,,,CB License,Granted,Farming,10/1/2021,9/30/2022,,TRUE,RA,
05BA8D9DC1BC7C9744A4E109E0248857,RACP,09/08/22 07:47:00,RALI21-25799876,Single Site,,8/8/2022,,,,,,,,,,,,RA,
074E285C07CA0A653B2AF7CF7A04A6FB,RACP,09/08/22 07:47:00,RALI22-32900161,Multi Site,,5/23/2022,,,,,,,,,,,,RA,
07618F21FD5E118B082EEC0DA00D5E6B,RACP,09/08/22 07:47:00,RALI22-33241475,Multi Farm,,6/17/2022,,,,,,,,,,,,RA,
07C433CDE4A8EC38E171D5D1ABB3DA20,RACP,09/08/22 07:47:00,RALI21-34976825,Single Site,,2/16/2022,,,,,,,,,,,,RA,
07CBE913EA6549D4C10EB14E493A7078,RACP,09/08/22 07:47:00,RALI22-35112428,,,6/11/2022,,,,,,,,,,,,RA,
09BE31566EAAC337E2E19E11950A7420,RACP,09/08/22 07:47:00,RALI22-43878302,Group Of Mixed Farms,,8/1/2022,,,,,,,,,,,,RA,
09E769F19AA47CB33EA8A0DD5B5C5257,RACP,09/08/22 07:47:00,RALI22-44603472,Group Of Small Farms,Downloaded by GIS member,8/10/2022,,8/25/2022,CHWaitingForCB,1/1/1900,,,,,,,,RA,
0AD4CD580AAA03092CDE76CF588785BF,RACP,09/08/22 07:47:00,RALI22-48779650,Group Of Mixed Farms,,7/25/2022,,,,,,,,,,,,RA,
0B1A9995124720DD430A16B498A79D60,RACP,09/08/22 07:47:00,RALI21-50007546,Single Site,,12/22/2021,,,,,,,,,,,,RA,
0BF1951B843F21A3BA7E5D845CD5ED58,RACP,09/08/22 07:47:00,RALI22-53789559,Single Site,,5/3/2022,7/20/2022,,CHWaitingForCB,1/1/1900,CB License,Granted,Supply Chain,8/5/2022,8/5/2023,,TRUE,RA,Transition year 1
0C2B6FC3800AABC293FBFD95A34C97AD,RACP,09/08/22 07:47:00,RALI21-54807339,Multi Farm,,3/1/2022,5/17/2022,,BothConfirmed,2/23/2022,,,,,,,,RA,
0C475DAB45E8B071B9C38EEC1A784364,RACP,09/08/22 07:47:00,RALI22-55298677,,,,,,,,,,,,,,,RA,
118160A514A39EF0CBD37539480E1692,RACP,09/08/22 07:47:00,RALI22-78837227,Multi Site,,8/26/2022,,,,,,,,,,,,RA,
133E64B15A6D9E6541CD32BA14FE4574,RACP,09/08/22 07:47:00,RALI22-86666028,Multi Farm,,9/2/2022,9/2/2022,,CHWaitingForCB,1/1/1900,,,,,,,,RA,
13CF05001AF9ABB350AB9C8400C2697C,RACP,09/08/22 07:47:00,RALI21-89210319,Multi Site,,5/6/2022,6/16/2022,,BothConfirmed,3/29/2022,CB License,Granted,Supply Chain,10/1/2021,10/1/2022,,TRUE,RA,Transition year 1
169A16F70EEEBC6FDC3BEC186748AFB4,RACP,09/08/22 07:47:00,RALI22-10178996,Group Of Mixed Farms,,9/2/2022,,,,,,,,,,,,RA,
17914D1D12FF779197A5D76E883A1B03,RACP,09/08/22 07:47:00,RALI21-10613895,Multi Farm,,1/22/2022,1/26/2022,,BothConfirmed,3/1/2022,CB License,Granted,Farming,12/2/2021,12/2/2022,,TRUE,RA,Transition year 1
1833FC6458264C04CBB330FE8777501C,RACP,09/08/22 07:47:00,RALI22-10900093,Multi Site,,5/25/2022,7/22/2022,,BothConfirmed,5/25/2022,,,,,,,,RA,
191F5D70ACB92466A42F47C3039ADE50,RACP,09/08/22 07:47:00,RALI21-11314176,Group Of Small Farms,Validated,6/14/2022,4/20/2022,3/30/2022,,,CB License,Granted,Farming,10/1/2021,10/1/2022,,TRUE,RA,Transition year 1
198402156A3571EDE956E09E9B24187E,RACP,09/08/22 07:47:00,RALI21-11491230,Single Site,,12/15/2021,1/6/2022,,,,Endorsement License,Granted,Supply Chain,10/19/2021,1/19/2023,,TRUE,RA,
1BC09A398F67F54230396430260B96EA,RACP,09/08/22 07:47:00,RALI21-12498548,Multi Site,,4/15/2022,7/7/2022,,BothConfirmed,3/21/2022,CB License,Granted,Supply Chain,4/26/2022,4/26/2023,,TRUE,RA,Transition year 1
1C5C655C2B7A6E7AAF1EC2A201ECCB35,RACP,09/08/22 07:47:00,RALI22-12772623,Single Site,,5/23/2022,7/4/2022,,BothConfirmed,6/8/2022,CB License,Granted,Supply Chain,6/22/2022,6/22/2023,,TRUE,RA,Transition year 1
1D905EF711651728F0FD4512467BC836,RACP,09/08/22 07:47:00,RALI21-13314418,Multi Farm,,5/3/2022,5/3/2022,,BothConfirmed,5/2/2022,CB License,Granted,Farming,5/1/2022,5/1/2023,,TRUE,RA,Transition year 1
2073DB38B5168BF56EA927AE589DC7A2,RACP,09/08/22 07:47:00,RALI21-14615335,Group Of Small Farms,Downloaded by GIS member,2/28/2022,3/1/2022,2/24/2022,BothConfirmed,10/25/2021,CB License,Granted,Farming,11/1/2021,11/1/2022,,TRUE,RA,
2196BB5F7230D62EA958C09468959574,RACP,09/08/22 07:47:00,RALI21-15127049,Multi Site,,8/9/2022,,,,,Dummy,Granted,Supply Chain,7/1/2021,9/22/2022,,TRUE,RA,Full certification 1
21BBAB403B16F451922CADC40077957E,RACP,09/08/22 07:47:00,RALI21-15192029,Multi Farm,Pending For CH Action,5/26/2022,5/26/2022,5/25/2022,BothConfirmed,2/1/2022,CB License,Granted,Farming,7/7/2022,7/6/2023,,TRUE,RA,Transition year 1
2264FEBC8E8FA9038322C55F1CD02D97,RACP,09/08/22 07:47:00,RALI21-15489911,,Validated,8/29/2022,5/17/2022,5/24/2022,CHWaitingForCB,1/1/1900,,,,,,,,RA,
2337104D9DC22C8B8E8211380612F471,RACP,09/08/22 07:47:00,RALI22-15859467,Single Site,,5/6/2022,,,,,,,,,,,,RA,
233B0A56D73BE5CE0C63B57897236B63,RACP,09/08/22 07:47:00,RALI22-15866463,Group Of Mixed Farms,,8/15/2022,,,,,,,,,,,,RA,
23E47A260E49FC6895B7015F297E2447,RACP,09/08/22 07:47:00,RALI21-16164539,Multi Farm,Validated,12/10/2021,2/8/2022,4/14/2022,CHWaitingForCB,1/1/1900,CB License,Expired,Farming,7/1/2021,7/1/2022,,TRUE,RA,
24D41B472553D3DA6264806CD7DA5B0D,RACP,09/08/22 07:47:00,RALI21-16586100,Group Of Small Farms,Downloaded by GIS member,11/12/2021,2/7/2022,2/7/2022,BothConfirmed,8/18/2021,CB License,Granted,Farming & Supply Chain,8/1/2021,11/1/2022,,TRUE,RA,Transition year 1
25980CDC3A84892A12C669BD7FFC5E41,RACP,09/08/22 07:47:00,RALI21-16930808,Multi Farm,Validated,8/1/2022,2/15/2022,11/4/2021,BothConfirmed,7/25/2019,CB License,Granted,Farming,2/21/2022,2/21/2023,,TRUE,RA,Transition year 1
26CF3DF57C6028D0DC84DC1F91BE0326,RACP,09/08/22 07:47:00,RALI22-17478262,Group Of Small Farms,,8/31/2022,,,CHWaitingForCB,1/1/1900,,,,,,,,RA,
26ED4D23A88767B9A10592CBD0551E2A,RACP,09/08/22 07:47:00,RALI21-17531143,,Validated,1/25/2022,4/28/2022,2/15/2022,BothConfirmed,7/26/2019,,,,,,,,RA,
277C7B722EE82C50AA32636DD5951A8C,RACP,09/08/22 07:47:00,RALI22-17783029,Group Of Mixed Farms,,8/12/2022,,,,,,,,,,,,RA,
29A1BCAD5DB693B748CD9E5F7DE26591,RACP,09/08/22 07:47:00,RALI22-18749289,Group Of Small Farms,,7/29/2022,,,,,,,,,,,,RA,
29CAA0819AF2AE0FD73F32728469CF20,RACP,09/08/22 07:47:00,RALI21-18821223,Group Of Mixed Farms,Downloaded by GIS member,11/22/2021,11/15/2021,11/15/2021,BothConfirmed,9/6/2021,CB License,Granted,Farming,11/15/2021,11/15/2022,,TRUE,RA,
2B1D26BDD8E27AECA1596CD549FEC2BE,RACP,09/08/22 07:47:00,RALI22-19416761,Multi Farm,Validated,7/11/2022,,7/21/2022,,,,,,,,,,RA,
2BF2C30853D3CD451E2615FD97BD18BC,RACP,09/08/22 07:47:00,RALI22-19792549,Multi Site,,8/17/2022,,,,,,,,,,,,RA,
2C2766AF881DB7F771A83C74E19E6E00,RACP,09/08/22 07:47:00,RALI22-19885153,,Pending For CH Action,8/31/2022,7/18/2022,7/18/2022,BothConfirmed,4/19/2022,Dummy,Granted,Farming,9/2/2022,12/2/2022,,TRUE,RA,Transition year 2
2DCE65A227D471AFDF2147286D57FAE8,RACP,09/08/22 07:47:00,RALI22-20629295,Single Site,,8/12/2022,,,,,,,,,,,,RA,
2EBEBD7A935DDC623AF48F1DDEABBAC8,RACP,09/08/22 07:47:00,RALI22-21052111,Single Site,,4/14/2022,6/17/2022,,CHWaitingForCB,1/1/1900,,,,,,,,RA,
2EF41556064CC06DB7021057A0FF1FED,RACP,09/08/22 07:47:00,RALI21-21145954,Group Of Small Farms,Validated,12/17/2021,7/30/2021,8/23/2021,,,CB License,Granted,Farming & Supply Chain,11/19/2021,11/19/2022,,TRUE,RA,Transition year 1
300A308950181A408EB592BA4225F145,RACP,09/08/22 07:47:00,RALI22-21635203,,,,,,,,,,,,,,,RA,
30308C93E918582D5ABE2279E40A14AF,RACP,09/08/22 07:47:00,RALI21-21702686,Single Site,,9/6/2022,,,,,,,,,,,,RA,
344A6BE6328651506E06BB587F35DEDA,RACP,09/08/22 07:47:00,RALI22-23549641,Group Of Small Farms,Validated,7/29/2022,7/29/2022,8/17/2022,CHWaitingForCB,1/1/1900,,,,,,,,RA,
34913F7F86EBA5322946333D9CBAEC41,RACP,09/08/22 07:47:00,RALI21-23674241,Group Of Small Farms,Validated,3/18/2022,3/18/2022,4/1/2022,,,CB License,Granted,Farming,1/18/2022,1/18/2023,,TRUE,RA,Transition year 1
363000E8AFD550ED0628BE1F3E5E89D7,RACP,09/08/22 07:47:00,RALI22-24403886,Group Of Mixed Farms,,8/10/2022,8/10/2022,,CHWaitingForCB,1/1/1900,CB License,Granted,Farming,7/2/2022,7/1/2023,,TRUE,RA,Transition year 2
393157C757D23A4E67F95E920A4B20F1,RACP,09/08/22 07:47:00,RALI21-25757322,Single Farm,,9/2/2021,,,BothConfirmed,3/29/2022,CB License,Granted,Farming,12/19/2021,12/19/2022,,TRUE,RA,
39944900691A4284B0261E1FE50D3216,RACP,09/08/22 07:47:00,RALI22-25931383,,,,,,,,,,,,,,,RA,
39F0BE9F635A5FC3B695A6A2D54A71A6,RACP,09/08/22 07:47:00,RALI21-26094040,Multi Site,,3/29/2022,,,BothConfirmed,7/1/2022,Dummy,Granted,Supply Chain,7/1/2021,12/31/2022,,TRUE,RA,
3ADDDE6D576C959EEF5D2F1889078567,RACP,09/08/22 07:47:00,RALI22-26511193,,,,,,,,,,,,,,,RA,
3DA385DB41B5C926164DAF14388587FB,RACP,09/08/22 07:47:00,RALI22-27759630,Multi Site,,6/14/2022,6/22/2022,,CHWaitingForCB,1/1/1900,Dummy,Expired,Supply Chain,7/1/2021,6/24/2022,,TRUE,RA,Full certification 1
3F545C91329589338900D59FB3B0F420,RACP,09/08/22 07:47:00,RALI22-28521088,Single Site,,3/30/2022,4/1/2022,,,,,,,,,,,RA,
3FC8AAAE9D8F5E1787BDBE7760514E63,RACP,09/08/22 07:47:00,RALI21-28725694,Group Of Small Farms,Validated,3/9/2022,3/16/2022,4/19/2022,,,,,,,,,,RA,
40B8C60C980A8745401238BD98E33827,RACP,09/08/22 07:47:00,RALI21-29148094,Multi Farm,,8/8/2022,8/8/2022,,BothConfirmed,8/9/2021,CB License,Draft,Farming,6/6/2022,6/6/2023,,FALSE,RA,Transition year 2
4478A51F6BC2763C1E6A28796E6E5EE8,RACP,09/08/22 07:47:00,RALI21-30836718,Group Of Small Farms,Validated,6/27/2022,6/30/2022,7/18/2022,,,,,,,,,,RA,
4517596863E2E3909BE0B065011B50F4,RACP,09/08/22 07:47:00,RALI22-31115913,,,2/3/2022,,,,,,,,,,,,RA,
45B8C171DA30E91EE5C5A833A62EB5D7,RACP,09/08/22 07:47:00,RALI21-31399862,Multi Site,,1/27/2022,8/25/2022,,CHWaitingForCB,1/1/1900,Dummy,Granted,Supply Chain,7/1/2021,11/5/2022,,TRUE,RA,
498128F53F4C174D96DC342123964019,RACP,09/08/22 07:47:00,RALI22-33103497,,,,,,,,,,,,,,,RA,
4AE4F267B3A33ED8DED6244B814464EE,RACP,09/08/22 07:47:00,RALI21-33729404,Group Of Small Farms,Validated,8/20/2022,6/25/2022,8/20/2022,,,CB License,Granted,Farming,12/1/2021,12/1/2022,,TRUE,RA,Transition year 1
4B059008815D2C5ED50787AB84B5416E,RACP,09/08/22 07:47:00,RALI21-33786783,Multi Farm,Validated,3/1/2022,3/1/2022,3/10/2022,BothConfirmed,12/17/2021,CB License,Granted,Farming,5/6/2022,5/6/2023,,TRUE,RA,Transition year 1
4B58BE4AA1045D00450C8A9A4C4D9759,RACP,09/08/22 07:47:00,RALI22-33933116,Multi Site,,9/7/2022,,,,,,,,,,,,RA,
4B6D28EF46ABB598A13A6E802B985061,RACP,09/08/22 07:47:00,RALI22-33969033,,,,,,,,,,,,,,,RA,
4C9BBAAC53DAF20C8C3D895CB47F49B2,RACP,09/08/22 07:47:00,RALI22-34501318,Multi Site,,5/24/2022,,,,,,,,,,,,RA,
4F6DA8A0E70C09E601EEF1941A13FDF6,RACP,09/08/22 07:47:00,RALI22-35771350,Single Site,,3/17/2022,7/5/2022,,BothConfirmed,7/7/2022,,,,,,,,RA,
4F807AB8462C6BEE762D91354955B99D,RACP,09/08/22 07:47:00,RALI21-35804460,Multi Farm,,1/28/2022,4/6/2022,,BothConfirmed,11/21/2021,CB License,Granted,Farming & Supply Chain,2/15/2022,2/15/2023,,TRUE,RA,
4FDAEA4EBBEB019CD43B870C3B5E9EAF,RACP,09/08/22 07:47:00,RALI21-35963556,Single Site,,9/19/2021,,,,,,,,,,,,RA,
50689CF941774D5ECD31B53018FE2A9C,RACP,09/08/22 07:47:00,RALI22-36212834,,,,,,,,,,,,,,,RA,
5188B878017798D57DDCC06449077CE1,RACP,09/08/22 07:47:00,RALI21-36719678,Group Of Mixed Farms,Validated,12/19/2021,12/23/2021,12/22/2021,,,CB License,Granted,Farming,1/26/2022,1/26/2023,,TRUE,RA,
522CEFDF5688E8139BB035188C2FD07F,RACP,09/08/22 07:47:00,RALI22-37008570,,,,,,,,,,,,,,,RA,
5549F2C16074507CC8EA5407E87B9438,RACP,09/08/22 07:47:00,RALI21-38410687,Group Of Small Farms,,5/18/2022,5/19/2022,,CHWaitingForCB,1/1/1900,,,,,,,,RA,
558CBBDBD8CEAC8F0FDACC96518E05E3,RACP,09/08/22 07:47:00,RALI21-38528178,Multi Site,,3/23/2022,,,,,,,,,,,,RA,
55B8C7E54271B5CF2ED215E78A9918F2,RACP,09/08/22 07:47:00,RALI21-38605666,Single Site,,11/8/2021,,,,,,,,,,,,RA,
5607903B7A8EEFF1177E28DEA9FDBDB3,RACP,09/08/22 07:47:00,RALI22-38744262,Group Of Small Farms,,6/28/2022,,,,,,,,,,,,RA,
5702CCE9A6E865C268BBDCD929EAD731,RACP,09/08/22 07:47:00,RALI21-39186243,Multi Farm,,11/15/2021,9/29/2021,,BothConfirmed,12/3/2021,CB License,Granted,Farming & Supply Chain,12/29/2021,12/29/2022,,TRUE,RA,Transition year 1
5799163E604025D03544F5A4742A4D44,RACP,09/08/22 07:47:00,RALI21-39450630,Multi Farm,Downloaded by GIS member,5/12/2022,1/18/2022,1/18/2022,BothConfirmed,11/26/2021,CB License,Granted,Farming & Supply Chain,11/22/2021,11/22/2022,,TRUE,RA,Transition year 1
582169EFDC24AFF36479616960AA8872,RACP,09/08/22 07:47:00,RALI22-39690458,,,,,,,,Dummy,Granted,Farming,1/13/2022,12/1/2022,,TRUE,RA,
582BF03EF767E0F71348251D378722C4,RACP,09/08/22 07:47:00,RALI22-39708974,,,,,,,,,,,,,,,RA,
593FA39EF69F3A0B30F889AA174E7617,RACP,09/08/22 07:47:00,RALI21-40193991,Group Of Small Farms,Validated,4/28/2022,2/22/2022,4/19/2022,CHWaitingForCB,1/1/1900,CB License,Granted,Farming,4/1/2022,4/1/2023,,TRUE,RA,Transition year 2
5977BD0E6F0C7C50D5CDE6820EC98855,RACP,09/08/22 07:47:00,RALI21-40292682,Multi Site,,6/9/2022,,,,,Dummy,Expired,Supply Chain,7/1/2021,6/23/2022,,TRUE,RA,Full certification 1
59B58D6CE2A7990472F70318BB080A8D,RACP,09/08/22 07:47:00,RALI21-40401427,,,,,,,,,,,,,,,RA,
5AF985F6AB082A644E5A73D0E2550285,RACP,09/08/22 07:47:00,RALI22-40971362,Group Of Small Farms,Validated,7/15/2022,7/15/2022,7/12/2022,CHWaitingForCB,1/1/1900,CB License,Granted,Farming,5/1/2022,5/1/2023,,TRUE,RA,Transition year 1
5BF828C0CE7C96C671B3AEADCFB3EB45,RACP,09/08/22 07:47:00,RALI22-41419322,Multi Site,,5/17/2022,,,,,,,,,,,,RA,
5CA0783554A215C453DCF7003BF00C74,RACP,09/08/22 07:47:00,RALI22-41715417,Group Of Mixed Farms,Validated,2/26/2022,,3/11/2022,,,,,,,,,,RA,
5DD5B0EBB6E2D265482F0958E8509AB9,RACP,09/08/22 07:47:00,RALI21-42259405,,,,,,,,,,,,,,,RA,
5DD5F7C6B1E65A87019FE32A8A5AFD8C,RACP,09/08/22 07:47:00,RALI21-42259892,Group Of Mixed Farms,Validated,5/23/2022,5/25/2022,3/13/2022,CHWaitingForCB,1/1/1900,CB License,Granted,Farming,12/15/2021,12/15/2022,,TRUE,RA,Transition year 1
5E2CFE16ECE88CC14CF63E74CBCA9764,RACP,09/08/22 07:47:00,RALI21-42412988,Single Site,,2/24/2022,,,,,,,,,,,,RA,
60C5E962F77D1B73B78DFA7FF8E4A995,RACP,09/08/22 07:47:00,RALI21-43582726,,,,,,,,,,,,,,,RA,
60DF9FF52C30683DC1BC440EE6D5D3A6,RACP,09/08/22 07:47:00,RALI21-43627961,Single Farm,,12/25/2021,11/21/2021,,,,CB License,Granted,Farming & Supply Chain,1/31/2022,1/31/2023,,TRUE,RA,
622606A728F9A6CC0C94DFF8E9B4FFFE,RACP,09/08/22 07:47:00,RALI22-44202172,Group Of Mixed Farms,Ready For Validation,9/7/2022,9/7/2022,9/1/2022,CHWaitingForCB,1/1/1900,,,,,,,,RA,
6238390EA7C1E6F6E9F53FA4E51FA6CC,RACP,09/08/22 07:47:00,RALI22-44234184,,,,,,,,,,,,,,,RA,
62713D85AF79002B57F009556D91D419,RACP,09/08/22 07:47:00,RALI22-44334490,,,,,,,,,,,,,,,RA,
64747E42C2E08CEED09B26CF90CF1270,RACP,09/08/22 07:47:00,RALI22-45240933,Single Site,,4/5/2022,4/18/2022,,,,,,,,,,,RA,
6544BF6E87FFC081C7C3A6B5912172DB,RACP,09/08/22 07:47:00,RALI22-45607298,,,,,,,,,,,,,,,RA,
65D1D76B192840A9EA17FEC494459826,RACP,09/08/22 07:47:00,RALI22-45855513,Group Of Small Farms,,9/7/2022,,,,,,,,,,,,RA,
6690D8348695B393614C0940C3E4DAC6,RACP,09/08/22 07:47:00,RALI21-46191529,Multi Site,,8/9/2022,9/7/2022,,,,,,,,,,,RA,
676CB2A693AC7590CE6A7F3FD02277CF,RACP,09/08/22 07:47:00,RALI21-46578299,Group Of Small Farms,Validated,7/18/2022,7/18/2022,7/25/2022,BothConfirmed,10/20/2021,CB License,Granted,Farming,6/10/2022,6/10/2023,,TRUE,RA,Transition year 1
6779D9560124180B844F554C972A1C37,RACP,09/08/22 07:47:00,RALI22-46601435,,Validated,8/5/2022,8/6/2022,8/6/2022,CHWaitingForCB,1/1/1900,,,,,,,,RA,
686F556E3CA31115E11EDEE0D0A144CA,RACP,09/08/22 07:47:00,RALI21-47033296,Group Of Small Farms,Downloaded by GIS member,6/23/2022,6/23/2022,1/7/2022,BothConfirmed,1/12/2022,CB License,Granted,Farming,1/1/2022,1/1/2023,,TRUE,RA,Transition year 1
6895CD6329BE0BFF4696441554CA35B1,RACP,09/08/22 07:47:00,RALI21-47100971,Single Site,,7/26/2022,6/30/2022,,CHWaitingForCB,1/1/1900,,,,,,,,RA,
6905C03FEFB7F4E1F0A72FB62DE0EBB4,RACP,09/08/22 07:47:00,RALI22-47297913,,,,,,,,,,,,,,,RA,
6929F465DDBAB889D5F2C5A89DA55114,RACP,09/08/22 07:47:00,RALI22-47361603,Multi Site,,5/23/2022,,,,,,,,,,,,RA,
6937474BFFDD4E76BC841D58A3E746DF,RACP,09/08/22 07:47:00,RALI22-47385043,Single Site,,5/20/2022,7/13/2022,,,,,,,,,,,RA,
6AE8AB0157C5DF9AB46D4C0306261339,RACP,09/08/22 07:47:00,RALI21-48147469,,Validated,12/14/2021,12/14/2021,4/12/2022,CBWaitingForCH,7/1/2021,CB License,Granted,Farming,10/12/2021,10/12/2022,,TRUE,RA,Transition year 1
6BC6C9A80817965B0C52AC8CC1F4466B,RACP,09/08/22 07:47:00,RALI21-48538227,Multi Farm,,1/25/2022,,,BothConfirmed,9/27/2021,,,,,,,,RA,
6BD866C7ED3FD6D391FCB42AFBDC27C9,RACP,09/08/22 07:47:00,RALI21-48569213,Multi Site,,6/1/2022,3/23/2022,,BothConfirmed,5/10/2021,CB License,Granted,Supply Chain,1/28/2022,1/28/2023,,TRUE,RA,Full certification 1
6BF6EA15C888E1FA40373E1CA0EC4AE9,RACP,09/08/22 07:47:00,RALI22-48622892,,,,,,,,,,,,,,,RA,
6D9507E3A08949135F0E3DCC5B519EC1,RACP,09/08/22 07:47:00,RALI22-49351413,,,,,,,,,,,,,,,RA,
7037E31C059B687D392F545CC554C5A0,RACP,09/08/22 07:47:00,RALI21-50538633,Multi Farm,Validated,9/3/2022,11/26/2021,11/26/2021,BothConfirmed,7/1/2021,CB License,Granted,Farming,1/24/2022,1/24/2023,,TRUE,RA,Transition year 1
719122EE8E48E7B22792E6E56AD4D337,RACP,09/08/22 07:47:00,RALI21-51146002,Multi Site,,6/22/2022,6/22/2022,,BothConfirmed,2/24/2022,CB License,Granted,Supply Chain,3/17/2022,3/17/2023,,TRUE,RA,Transition year 1
72391C94078BC7FD5B80356A8E607903,RACP,09/08/22 07:47:00,RALI21-51441507,Group Of Small Farms,,5/5/2022,5/6/2022,,BothConfirmed,5/26/2022,,,,,,,,RA,
723B707C1E934B9BE228754482C4F9D7,RACP,09/08/22 07:47:00,RALI21-51445602,Multi Farm,Downloaded by GIS member,11/26/2021,1/25/2022,1/28/2022,BothConfirmed,11/6/2021,CB License,Granted,Farming,11/29/2021,11/29/2022,,TRUE,RA,Transition year 1
748C7F5073D3768A6D0A6E2A99AF3D1B,RACP,09/08/22 07:47:00,RALI22-52488921,,,,,,,,,,,,,,,RA,
74A51144DF4F84AEF5E35D102B1C48F9,RACP,09/08/22 07:47:00,RALI22-52532145,,,,,,,,,,,,,,,RA,
76EA3673A90CE89AD7C70E5B3348222D,RACP,09/08/22 07:47:00,RALI21-53554506,Single Site,,12/2/2021,,,,,,,,,,,,RA,
7707B638F250DFB26501F1FE3E16FF5B,RACP,09/08/22 07:47:00,RALI21-53606402,Multi Farm,,6/14/2022,6/14/2022,,BothConfirmed,12/21/2021,CB License,Granted,Farming,10/1/2021,10/6/2022,,TRUE,RA,Transition year 2
779E20FD553BD964F13E4DE83B52288E,RACP,09/08/22 07:47:00,RALI21-53871018,Multi Farm,,12/28/2021,12/28/2021,,BothConfirmed,9/16/2021,CB License,Granted,Farming,11/1/2021,10/31/2022,,TRUE,RA,
77A31296FFBDFEE7900F64FCD597C4B6,RACP,09/08/22 07:47:00,RALI22-53879715,Single Site,,6/13/2022,,,CHWaitingForCB,1/1/1900,,,,,,,,RA,
77B3DD425DC6015A5971C813DECE8E5F,RACP,09/08/22 07:47:00,RALI22-53909256,Single Site,,5/16/2022,5/18/2022,,,,,,,,,,,RA,
782FF18B69339B3CE3A106FE5D4AA438,RACP,09/08/22 07:47:00,RALI22-54127538,Single Site,,3/25/2022,5/18/2022,,,,Endorsement License,Granted,Supply Chain,3/21/2022,6/21/2023,,TRUE,RA,Transition year 1
7913BFD9AA6A93E1AE59747E0384239D,RACP,09/08/22 07:47:00,RALI21-54528299,Multi Farm,,1/6/2022,11/27/2021,,,,CB License,Granted,Farming,2/1/2022,2/1/2023,,TRUE,RA,
7915E41484E6C0DF1849B727671ADA40,RACP,09/08/22 07:47:00,RALI21-54532066,Single Site,,3/14/2022,3/24/2022,,,,Endorsement License,Granted,Supply Chain,2/26/2022,5/26/2023,,TRUE,RA,Transition year 1
79442530FBB31775E99E66F5D5BAB232,RACP,09/08/22 07:47:00,RALI21-54613437,Group Of Small Farms,Validated,9/5/2022,7/6/2022,6/28/2022,CHWaitingForCB,1/1/1900,Dummy,Granted,Farming,6/28/2022,9/28/2022,,TRUE,RA,Transition year 2
7AC98FF46991B5BB82E7F132BF9DD9B0,RACP,09/08/22 07:47:00,RALI22-55298507,Group Of Mixed Farms,,8/14/2022,,,,,,,,,,,,RA,
7C1A775340B909632D9930B9FB8C336F,RACP,09/08/22 07:47:00,RALI22-55891195,Group Of Mixed Farms,,8/25/2022,,,,,,,,,,,,RA,
7C769998C1F216628F42CFEA19DD0386,RACP,09/08/22 07:47:00,RALI22-56053278,Single Site,,7/29/2022,8/26/2022,,,,,,,,,,,RA,
7CFD4BA43F8E25904DE6D27F61AB8DF5,RACP,09/08/22 07:47:00,RALI22-56290237,Group Of Mixed Farms,,5/4/2022,,,,,,,,,,,,RA,
7DAC66BCD80E5E94D18676226978FAE2,RACP,09/08/22 07:47:00,RALI21-56598286,Group Of Small Farms,Downloaded by GIS member,4/6/2022,3/23/2022,3/23/2022,BothConfirmed,3/23/2022,CB License,Granted,Farming & Supply Chain,12/20/2021,12/20/2022,,TRUE,RA,Transition year 1
7DF9ABCC964E2591DD8B910AC2CEBB6B,RACP,09/08/22 07:47:00,RALI21-56734221,,,,,,,,,,,,,,,RA,
7FF27F0F98E590D5D21151868F56EA9F,RACP,09/08/22 07:47:00,RALI21-57622319,,Pending For CH Action,11/20/2021,11/20/2021,3/16/2022,,,CB License,Granted,Farming,11/30/2021,11/30/2022,,TRUE,RA,
806E26D84BC67B87219901176BCBEE87,RACP,09/08/22 07:47:00,RALI22-57839856,,,2/17/2022,4/26/2022,,,,CB License,Granted,Supply Chain,5/2/2022,5/2/2023,,TRUE,RA,Transition year 1
813764B5E714B54919BD2D9A50C70A51,RACP,09/08/22 07:47:00,RALI22-58193884,Group Of Mixed Farms,,6/21/2022,7/12/2022,,BothConfirmed,2/20/2019,,,,,,,,RA,
82D0FD0D0AC828547552CBCEF7A8113D,RACP,09/08/22 07:47:00,RALI22-58914451,Single Site,,4/8/2022,8/12/2022,,,,,,,,,,,RA,
8303705D386FA7F8DB0E2834414CD3F6,RACP,09/08/22 07:47:00,RALI22-59003204,,,,,,,,,,,,,,,RA,
837FC8D8BD7C4A99660FA5BA93A10EF1,RACP,09/08/22 07:47:00,RALI22-59221956,Single Site,,7/29/2022,,,,,,,,,,,,RA,
8417A95F251998344182581EBE6E212C,RACP,09/08/22 07:47:00,RALI22-59489141,Group Of Mixed Farms,,6/22/2022,6/23/2022,,,,,,,,,,,RA,
849B4C36910932880AD0BEA913DB5621,RACP,09/08/22 07:47:00,RALI22-59720717,Multi Farm,,8/12/2022,,,,,,,,,,,,RA,
85B6336B401D92541ADD397B44D92B7F,RACP,09/08/22 07:47:00,RALI22-60218406,Single Site,,7/20/2022,,,,,,,,,,,,RA,
874A3ECC2210D8DDBD7CDB55371F29A7,RACP,09/08/22 07:47:00,RALI22-60929208,Group Of Mixed Farms,Validated,8/10/2022,,8/5/2022,,,,,,,,,,RA,
87920F5B83D111344B0C344017FDF179,RACP,09/08/22 07:47:00,RALI21-61055546,Single Site,,5/18/2022,6/1/2022,,BothConfirmed,4/1/2022,,,,,,,,RA,
87EA5967AAFE7EE4E8FEA621D5741CE5,RACP,09/08/22 07:47:00,RALI22-61210866,,,,,,,,,,,,,,,RA,
88ABF95D1683A5DAE20057DD6953A063,RACP,09/08/22 07:47:00,RALI21-61551494,Multi Farm,,4/7/2022,4/11/2022,,BothConfirmed,4/26/2022,CB License,Granted,Farming,5/4/2022,5/4/2023,,TRUE,RA,Transition year 1
89909682EDA49EE6F747971479DDE4E0,RACP,09/08/22 07:47:00,RALI22-61953676,Single Site,,3/31/2022,,,CHWaitingForCB,1/1/1900,,,,,,,,RA,
89BB075A09E06CCB21AB262BB8FDDE55,RACP,09/08/22 07:47:00,RALI21-62028339,Single Site,,11/15/2021,,,,,,,,,,,,RA,
89D28A4BB0DD22EDE843A164EBB2DAC4,RACP,09/08/22 07:47:00,RALI21-62069701,,,,,,,,,,,,,,,RA,
8BB7789FE1FAFC2B2EE62AC78484CA60,RACP,09/08/22 07:47:00,RALI22-62922800,,,,,,,,,,,,,,,RA,
8D99688A90CC531EB898B6D0B6BAEBF5,RACP,09/08/22 07:47:00,RALI22-63770633,Multi Site,,5/31/2022,,,,,,,,,,,,RA,
8E12660BFDB87C8A089B604D827F130D,RACP,09/08/22 07:47:00,RALI22-63983481,Group Of Small Farms,Ready For Validation,8/9/2022,8/12/2022,9/7/2022,CHWaitingForCB,1/1/1900,,,,,,,,RA,
903548CBCC478325C90AB051CB01CA23,RACP,09/08/22 07:47:00,RALI22-64945573,Group Of Small Farms,,5/20/2022,,,,,,,,,,,,RA,
90673EF92EDE32A6BF3C3A2800B7BBDE,RACP,09/08/22 07:47:00,RALI22-65033466,Single Site,,2/17/2022,3/7/2022,,,,Endorsement License,Granted,Supply Chain,12/16/2021,3/16/2023,,TRUE,RA,
914058D7EE63F4BD4EB1283ED6EA9B2F,RACP,09/08/22 07:47:00,RALI22-65415395,,,,,,,,,,,,,,,RA,
933CB620E52F5457768071B3E0EA2A01,RACP,09/08/22 07:47:00,RALI21-66309719,Multi Site,,12/8/2021,12/6/2021,,BothConfirmed,7/1/2021,CB License,Granted,Supply Chain,1/27/2022,1/27/2023,,TRUE,RA,Transition year 1
9462543449AE3A528F78AB3A093848B5,RACP,09/08/22 07:47:00,RALI22-66826256,,,,,,,,,,,,,,,RA,
9551A3077E8D01259F51CD3D1163FD23,RACP,09/08/22 07:47:00,RALI21-67247251,Group Of Small Farms,Downloaded by GIS member,11/4/2021,2/4/2022,2/4/2022,CBWaitingForCH,8/26/2021,CB License,Expired,Farming & Supply Chain,8/1/2021,8/1/2022,,TRUE,RA,
96152C0F7463015BA85CBFC7E1913E26,RACP,09/08/22 07:47:00,RALI22-67591240,Single Site,,7/7/2022,,,,,,,,,,,,RA,
962B787655A227F55F09809732E58E54,RACP,09/08/22 07:47:00,RALI21-67630468,Single Farm,Downloaded by GIS member,1/27/2022,3/11/2022,10/12/2021,CHWaitingForCB,1/1/1900,CB License,Not Granted,Farming,12/29/2021,12/29/2022,,FALSE,RA,
9ACC3AF246372CD8C5D01FF321A111EB,RACP,09/08/22 07:47:00,RALI21-69714719,Single Site,,11/23/2021,9/24/2021,,BothConfirmed,2/25/2022,,,,,,,,RA,
9B331EFC1A075C2A000DCB68CD9813DD,RACP,09/08/22 07:47:00,RALI21-69895727,Multi Farm,Validated,7/8/2022,2/3/2022,1/26/2022,BothConfirmed,7/27/2019,CB License,Granted,Farming,4/25/2022,4/25/2023,,TRUE,RA,Transition year 2
9E7E5E50F3D3D988778011EA43595039,RACP,09/08/22 07:47:00,RALI22-71379183,,,,,,,,,,,,,,,RA,
9E9F9D24BBC4F3837F06F30BFD7DDEE1,RACP,09/08/22 07:47:00,RALI22-71437669,Single Farm,Pending For CH Action,7/8/2022,7/8/2022,8/31/2022,CHWaitingForCB,1/1/1900,,,,,,,,RA,
9F44FA837C6F3215308746CD8962C2D2,RACP,09/08/22 07:47:00,RALI22-71728582,Group Of Small Farms,Downloaded by GIS member,8/19/2022,,8/13/2022,,,,,,,,,,RA,
9F80704876A3808D70F7D4EAC9A62450,RACP,09/08/22 07:47:00,RALI21-71833185,Multi Farm,Pending For CH Action,9/5/2022,,7/25/2022,BothConfirmed,7/25/2029,,,,,,,,RA,
A00A002DD5B0731AE678FA13EC5A7056,RACP,09/08/22 07:47:00,RALI22-72075187,Group Of Mixed Farms,Validated,7/13/2022,7/22/2022,8/7/2022,CHWaitingForCB,1/1/1900,,,,,,,,RA,
A133AC5E472CEE68CF34D77603289C8B,RACP,09/08/22 07:47:00,RALI21-72598858,Multi Site,,3/1/2022,,,,,,,,,,,,RA,
A19D32FE4D41C4B8DBF4ED1E3074B016,RACP,09/08/22 07:47:00,RALI22-72784501,Multi Site,,7/1/2022,,,,,,,,,,,,RA,
A1AA9C3494D1C53CD9A7FD14E1405A06,RACP,09/08/22 07:47:00,RALI22-72808094,Multi Farm,,8/24/2022,,,,,,,,,,,,RA,
A3D00C4410F43701BB077FE646FDD94C,RACP,09/08/22 07:47:00,RALI21-73774675,Single Site,,7/1/2022,8/10/2022,,BothConfirmed,11/26/2021,,,,,,,,RA,
A3F9576391545E9A5D54988CC73450D5,RACP,09/08/22 07:47:00,RALI22-73847319,Multi Site,,7/20/2022,,,,,,,,,,,,RA,
A473E61314E4F71AE07754AB5CAA74F1,RACP,09/08/22 07:47:00,RALI21-74062925,Group Of Mixed Farms,Downloaded by GIS member,3/10/2022,3/10/2022,3/3/2022,BothConfirmed,2/8/2022,CB License,Granted,Farming & Supply Chain,12/1/2021,12/1/2022,,TRUE,RA,
A52B81CDAAFD3C064EAE30AF1F3694C3,RACP,09/08/22 07:47:00,RALI21-74385932,Group Of Mixed Farms,Pending For CH Action,3/29/2022,3/29/2022,4/18/2022,CHWaitingForCB,1/1/1900,Dummy,Granted,Farming,8/31/2022,11/30/2022,,TRUE,RA,Transition year 1
A593345A81E01BB0F813359AC2D984EC,RACP,09/08/22 07:47:00,RALI22-74568358,,,,,,,,,,,,,,,RA,
A650FB8AF4ABB426E3AAB9D573131165,RACP,09/08/22 07:47:00,RALI22-74902219,Single Site,,7/19/2022,9/8/2022,,,,,,,,,,,RA,
A6FAA0D2CA52013565139259C22691E7,RACP,09/08/22 07:47:00,RALI22-75200663,Group Of Mixed Farms,,6/29/2022,6/29/2022,,,,,,,,,,,RA,
A8C70D33541A00F59D4DEF01950C83DB,RACP,09/08/22 07:47:00,RALI21-76010648,Group Of Small Farms,Validated,4/11/2022,4/11/2022,8/8/2022,,,CB License,Draft,Farming,2/10/2022,2/10/2023,,TRUE,RA,
A8C9F8FB90D7ABA2A9DC3F470175D7EC,RACP,09/08/22 07:47:00,RALI22-76015787,Multi Site,,6/14/2022,7/20/2022,,,,,,,,,,,RA,
A94335B9746B543C990D7D876B1EF587,RACP,09/08/22 07:47:00,RALI22-76229070,,,,,,,,,,,,,,,RA,
AAE404C66DEEAC6AB717579037759CCF,RACP,09/08/22 07:47:00,RALI22-76962328,Group Of Small Farms,,7/2/2022,,,,,,,,,,,,RA,
ABCDB875243D11AF9CEE0211A378ECFE,RACP,09/08/22 07:47:00,RALI22-77373461,Multi Site,,6/8/2022,6/8/2022,,CHWaitingForCB,1/1/1900,CB License,Granted,Supply Chain,2/1/2022,2/1/2023,,TRUE,RA,Transition year 1
ABE4EBB6D178654CEB0B03FF9F659A2A,RACP,09/08/22 07:47:00,RALI21-77414275,Group Of Small Farms,,8/8/2022,,,BothConfirmed,6/20/2022,,,,,,,,RA,
AC30FB68A9671E3486DF1C04996F8E60,RACP,09/08/22 07:47:00,RALI22-77548083,Single Site,,8/31/2022,,,,,,,,,,,,RA,
AE783A26F77CDE77A203A8036F4D106C,RACP,09/08/22 07:47:00,RALI21-78574139,Multi Farm,,5/31/2022,5/31/2022,,BothConfirmed,1/4/2022,CB License,Expired,Farming,1/12/2021,1/12/2022,,TRUE,RA,Transition year 1
AF8431276F69988548BF684BE909427B,RACP,09/08/22 07:47:00,RALI21-79045548,Multi Farm,Validated,3/25/2022,3/25/2022,2/19/2022,CHWaitingForCB,1/1/1900,CB License,Granted,Farming,11/3/2021,11/3/2022,,TRUE,RA,
AFC50690C67EFA3B4142C3D2638AF58A,RACP,09/08/22 07:47:00,RALI21-79159604,Single Site,,3/18/2022,,,,,,,,,,,,RA,
AFDCD71C4367401E61D608BE3D323797,RACP,09/08/22 07:47:00,RALI21-79201499,Single Site,,1/18/2022,,,,,,,,,,,,RA,
B0325F1C1419FCCC93D84EAAD90DBE1F,RACP,09/08/22 07:47:00,RALI22-79351967,Multi Farm,,1/24/2022,,,,,,,,,,,,RA,
B1C9AA39E27AE872456984E9D4317793,RACP,09/08/22 07:47:00,RALI22-80068486,,,,,,,,,,,,,,,RA,
B26F2225CA20BB1A77F6631FFDA44682,RACP,09/08/22 07:47:00,RALI22-80359581,Group Of Small Farms,Validated,8/10/2022,8/10/2022,8/10/2022,CHWaitingForCB,1/1/1900,,,,,,,,RA,
B2DA1AFCE65EFE1E8BCF4640FDD2BE52,RACP,09/08/22 07:47:00,RALI21-80547768,Multi Farm,,8/3/2022,8/4/2022,,BothConfirmed,11/15/2021,CB License,Granted,Farming,1/25/2022,1/25/2023,,TRUE,RA,Transition year 1
B39A5452CE56F43A3B199E2E03B4AE01,RACP,09/08/22 07:47:00,RALI21-80885932,Single Site,,12/2/2021,,,,,,,,,,,,RA,
B46CE5292EED8D0ADD27FDC373DFE864,RACP,09/08/22 07:47:00,RALI21-81256363,Multi Farm,,3/10/2022,3/30/2022,,,,CB License,Granted,Farming,11/7/2021,11/7/2022,,TRUE,RA,Transition year 1
B5BBA34375D53F2D4ECC28AF7DD8F1B7,RACP,09/08/22 07:47:00,RALI21-81845249,Multi Farm,,6/19/2022,3/21/2022,,BothConfirmed,7/12/2021,CB License,Expired,Farming,3/23/2022,8/18/2023,,TRUE,RA,Transition year 1
B5CFDC648D6FE7D99E9E906BDCEA6650,RACP,09/08/22 07:47:00,RALI21-81880826,Multi Farm,,5/3/2022,3/15/2022,,BothConfirmed,3/14/2022,,,,,,,,RA,
B64F5737FF6B1D99D984CD016F35ABB9,RACP,09/08/22 07:47:00,RALI21-82105090,Single Site,,4/21/2022,4/29/2022,,BothConfirmed,5/10/2022,,,,,,,,RA,
B68F5BCE011D73068031C7113ADDF57F,RACP,09/08/22 07:47:00,RALI21-82217712,Multi Site,,9/5/2022,4/25/2022,,CHWaitingForCB,1/1/1900,Dummy,Granted,Supply Chain,7/1/2021,12/31/2022,,TRUE,RA,Full certification 1
B700E33FE2CA56DB472AF04A311F99B5,RACP,09/08/22 07:47:00,RALI22-82417434,Multi Farm,,4/29/2022,6/3/2022,,BothConfirmed,4/18/2022,,,,,,,,RA,
B81C4C7B2B7ACBFE62D0EBD79A5ECB4F,RACP,09/08/22 07:47:00,RALI21-82916016,Multi Farm,,3/9/2022,3/30/2022,,BothConfirmed,3/4/2022,CB License,Granted,Farming & Supply Chain,3/1/2022,3/1/2023,,TRUE,RA,
BA7C8DC695949455172D1D94B82946D5,RACP,09/08/22 07:47:00,RALI21-83986070,Single Site,,1/26/2022,3/16/2022,,BothConfirmed,3/10/2022,CB License,Granted,Supply Chain,4/3/2022,4/3/2023,,TRUE,RA,Transition year 1
BCEB96E6604268352843E6AF0867E41E,RACP,09/08/22 07:47:00,RALI22-85082126,Single Site,,7/14/2022,,,,,,,,,,,,RA,
BDA221281CF90D2FF544AC09A462B2E3,RACP,09/08/22 07:47:00,RALI21-85403254,Group Of Small Farms,Validated,3/18/2022,3/23/2022,1/4/2022,BothConfirmed,12/7/2021,CB License,Granted,Farming,10/1/2021,10/1/2022,,TRUE,RA,
BEBD1C200116D5B6EE3AD5498053F8CE,RACP,09/08/22 07:47:00,RALI22-85901078,Single Site,,7/29/2022,,,,,,,,,,,,RA,
C0E6BF39BB2B40F9159659F3E5E67722,RACP,09/08/22 07:47:00,RALI21-86875047,Single Site,,3/10/2022,3/24/2022,,BothConfirmed,3/10/2022,CB License,Granted,Supply Chain,3/25/2022,3/25/2023,,TRUE,RA,Transition year 1
C18514D7912418D829A3D01057501C27,RACP,09/08/22 07:47:00,RALI21-87153592,Group Of Small Farms,,12/24/2021,,,,,CB License,Granted,Farming & Supply Chain,10/20/2021,11/1/2022,,TRUE,RA,Transition year 1
C1B3143DC9F5AD6A18C286280A0B6AD9,RACP,09/08/22 07:47:00,RALI22-87234512,Group Of Mixed Farms,,6/28/2022,,,CHWaitingForCB,1/1/1900,,,,,,,,RA,
C37D641BA627C5D41A923077034E7CDE,RACP,09/08/22 07:47:00,RALI22-88040782,Single Site,,8/2/2022,,,,,,,,,,,,RA,
C74AC5CA072F559FD1479EB178BAD3A0,RACP,09/08/22 07:47:00,RALI22-89753173,,,,,,,,,,,,,,,RA,
C767B079CE27F5E60431D5C89D083F4A,RACP,09/08/22 07:47:00,RALI21-89804044,Multi Farm,,11/16/2021,11/18/2021,,,,CB License,Granted,Farming & Supply Chain,9/15/2021,9/14/2022,,TRUE,RA,Transition year 1
C841B1AAC87A264E3E540096EFBEBCDE,RACP,09/08/22 07:47:00,RALI22-90187562,Single Farm,,7/30/2022,,,,,,,,,,,,RA,
C8B324DCE3A1772B3E3CAE2EBEE9C681,RACP,09/08/22 07:47:00,RALI21-90387145,Multi Farm,,7/21/2022,7/21/2022,,CHWaitingForCB,1/1/1900,CB License,Granted,Farming,1/25/2022,1/25/2023,,TRUE,RA,Transition year 1
CA7F2C82C9C915C9925655995456BCBC,RACP,09/08/22 07:47:00,RALI22-91196439,,,,,,,,,,,,,,,RA,
CC48BDAFA8D75494066F256E3058DFB8,RACP,09/08/22 07:47:00,RALI21-92001399,Group Of Small Farms,Pending For CH Action,8/10/2022,8/3/2022,6/13/2022,BothConfirmed,3/4/2022,,,,,,,,RA,
CC64D8B1D112B4A96E5EC6035DE2BD26,RACP,09/08/22 07:47:00,RALI21-92050843,Single Site,,10/13/2021,,,,,,,,,,,,RA,
CD84ABB2D48B44469CA428F4B6CCBF43,RACP,09/08/22 07:47:00,RALI22-92557189,Multi Site,,6/7/2022,6/9/2022,,,,,,,,,,,RA,
CDA1C1FCF1BAF3D319D660D00A7AD1DE,RACP,09/08/22 07:47:00,RALI21-92608359,Multi Farm,,4/5/2022,4/5/2022,,BothConfirmed,3/14/2022,CB License,Granted,Farming,11/15/2021,11/14/2022,,TRUE,RA,Transition year 1
CE21B8832291F50686A90FB6680AA404,RACP,09/08/22 07:47:00,RALI21-92833474,Single Site,,5/18/2022,2/27/2022,,,,CB License,Granted,Supply Chain,3/21/2022,3/21/2023,,TRUE,RA,Full certification 1
CED5F0641C6FA325606EEC51B1931120,RACP,09/08/22 07:47:00,RALI22-93150517,Group Of Mixed Farms,Validated,7/15/2022,7/25/2022,7/14/2022,,,,,,,,,,RA,
D2827348DE530BD8C071085F857DF3BC,RACP,09/08/22 07:47:00,RALI21-94805082,Group Of Small Farms,,7/22/2021,,,,,,,,,,,,RA,
D535F04DF47176890469AE006CFB4CB6,RACP,09/08/22 07:47:00,RALI21-96021562,Group Of Mixed Farms,,9/1/2021,,,BothConfirmed,8/13/2021,CB License,Granted,Farming,10/11/2021,10/11/2022,,TRUE,RA,
D6E45DA4BA262D5F569180E594641471,RACP,09/08/22 07:47:00,RALI22-96778777,,,,,,,,,,,,,,,RA,
D7061A6427FB71DECAD8EA23F7A1B5FB,RACP,09/08/22 07:47:00,RALI21-96838128,Multi Site,,4/5/2022,6/17/2022,,BothConfirmed,7/1/2021,,,,,,,,RA,
D7488BF1B554B290F8B3B19E43FC1B2A,RACP,09/08/22 07:47:00,RALI22-96955017,Single Site,,3/25/2022,4/3/2022,,BothConfirmed,4/14/2022,CB License,Granted,Supply Chain,5/1/2022,5/1/2023,,TRUE,RA,Transition year 1
D768BE47EC0A04847C0C90B4F41126A2,RACP,09/08/22 07:47:00,RALI22-97011658,Group Of Small Farms,,8/19/2022,,,,,,,,,,,,RA,
D929F872F9C1BA6F43E6DDE4261BF4C5,RACP,09/08/22 07:47:00,RALI21-97801947,Group Of Mixed Farms,Downloaded by GIS member,8/3/2021,,8/3/2021,BothConfirmed,7/16/2021,CB License,Expired,Farming,8/3/2021,8/3/2022,,TRUE,RA,
DA9D0D7F745D83AC610BEF8331BE1692,RACP,09/08/22 07:47:00,RALI22-98454761,,,,,,,,,Draft,,1/1/1900,1/1/1900,,FALSE,RA,
DAC1ED66AE3D1E1C876BFC6FE2899128,RACP,09/08/22 07:47:00,RALI22-98519632,Group Of Mixed Farms,Validated,6/28/2022,8/3/2022,6/27/2022,BothConfirmed,5/5/2022,Dummy,Granted,Farming,8/3/2022,11/3/2022,,TRUE,RA,Transition year 2
DB2C57F9ECCF75B247647C53AEE63499,RACP,09/08/22 07:47:00,RALI21-98706842,Single Farm,,11/25/2021,1/7/2022,,,,CB License,Granted,Farming,12/1/2021,12/1/2022,,TRUE,RA,Transition year 1
DB91A0202C5E0CE96CFC565E6B3CEE5C,RACP,09/08/22 07:47:00,RALI22-98885018,,,,,,,,,,,,,,,RA,
DBFBB19373541984DE8AF34F668C3C18,RACP,09/08/22 07:47:00,RALI22-99071616,,,,,,,,,,,,,,,RA,
DE48473FE5B7D00C0AAF5C910021226A,RACP,09/08/22 07:47:00,RALI22-10010706,Group Of Small Farms,Validated,8/19/2022,,8/10/2022,,,,,,,,,,RA,
DF25BB2ED377FE44B4E9179AD4B1FC01,RACP,09/08/22 07:47:00,RALI22-10049664,Single Farm,,8/20/2022,8/22/2022,,BothConfirmed,9/7/2022,,,,,,,,RA,
DF3D33AD007239B019120F345D685DDB,RACP,09/08/22 07:47:00,RALI22-10053793,Multi Site,,7/12/2022,,,,,,,,,,,,RA,
DFE79F971788FD8C188D20B47C0D4059,RACP,09/08/22 07:47:00,RALI21-10083774,Multi Farm,,1/6/2022,1/11/2022,,BothConfirmed,7/1/2021,CB License,Granted,Farming,10/1/2021,10/1/2022,,TRUE,RA,Transition year 1
E01828C176FAD5D120075541CF659816,RACP,09/08/22 07:47:00,RALI21-10092313,Group Of Small Farms,Validated,4/29/2022,4/29/2022,4/13/2022,BothConfirmed,1/3/2022,CB License,Granted,Farming,11/30/2021,11/30/2022,,TRUE,RA,Transition year 1
E1282720972F1BC17306EF1951AF8198,RACP,09/08/22 07:47:00,RALI21-10140162,Multi Farm,,6/21/2022,6/21/2022,,CHWaitingForCB,1/1/1900,CB License,Granted,Farming,1/1/2022,1/1/2023,,TRUE,RA,Transition year 1
E25A30B922DD82BE4091F3933CA75E97,RACP,09/08/22 07:47:00,RALI22-10194001,,,,,,,,,,,,,,,RA,
E2F304FF4D811D222D7C4284AD97AD91,RACP,09/08/22 07:47:00,RALI21-10220887,Group Of Small Farms,Downloaded by GIS member,2/8/2022,2/8/2022,1/5/2022,BothConfirmed,11/17/2021,CB License,Granted,Farming,9/24/2021,9/23/2022,,TRUE,RA,
E3A36575DA9D4FE39D9CA915AECB9613,RACP,09/08/22 07:47:00,RALI21-10251916,Multi Farm,,3/10/2022,,,BothConfirmed,5/21/2029,,,,,,,,RA,
E46F3DECDB026C46EE39282112628357,RACP,09/08/22 07:47:00,RALI22-10287777,Group Of Mixed Farms,,8/31/2022,,,,,,,,,,,,RA,
E49561A7F420FFB9A3CF0A00732C660D,RACP,09/08/22 07:47:00,RALI22-10294486,Single Site,,3/17/2022,,,CBWaitingForCH,4/7/2022,,,,,,,,RA,
E4BF395107753AD89329573235E7DC5B,RACP,09/08/22 07:47:00,RALI21-10301847,Multi Farm,,12/9/2021,,,BothConfirmed,11/9/2021,CB License,Granted,Farming & Supply Chain,11/19/2021,11/19/2022,,TRUE,RA,Transition year 1
E576044AEBA2BCC6920B246CF46715DF,RACP,09/08/22 07:47:00,RALI22-10334004,Multi Site,,6/23/2022,,,,,,,,,,,,RA,
E608AD7B1EC179E6BE2F209337D2D419,RACP,09/08/22 07:47:00,RALI21-10359805,Multi Farm,Validated,9/3/2022,9/3/2022,12/9/2021,BothConfirmed,11/30/2021,,,,,,,,RA,
E7209EB7375A93EFB2A3D554D9BD3734,RACP,09/08/22 07:47:00,RALI22-10409053,Multi Site,,5/17/2022,8/18/2022,,,,,,,,,,,RA,
E828F4B036A7243790FEB2E0999133B6,RACP,09/08/22 07:47:00,RALI22-10455556,Single Site,,3/24/2022,,,,,,,,,,,,RA,
E853EC10772204F723AF4B8D003F2178,RACP,09/08/22 07:47:00,RALI21-10463114,Group Of Small Farms,,3/21/2022,11/10/2021,,,,CB License,Not Granted,Farming,9/15/2021,9/15/2022,,FALSE,RA,
E96FCE26C12C220272D7E4C466CE8DD2,RACP,09/08/22 07:47:00,RALI21-10513056,Group Of Small Farms,Downloaded by GIS member,2/15/2022,2/15/2022,2/16/2022,,,CB License,Granted,Farming,1/3/2022,1/3/2023,,TRUE,RA,Transition year 1
E9C1AF519BBF292FC9C6962AA0918A5F,RACP,09/08/22 07:47:00,RALI21-10527460,Multi Farm,,4/26/2022,11/29/2021,,BothConfirmed,1/26/2021,CB License,Granted,Farming & Supply Chain,3/1/2022,3/1/2023,,TRUE,RA,Transition year 1
EC5AE2914E7FBEAD8505762F4641A0D4,RACP,09/08/22 07:47:00,RALI21-10644483,Group Of Mixed Farms,Validated,8/10/2022,3/2/2022,5/3/2022,BothConfirmed,7/1/2021,CB License,Granted,Farming,4/12/2022,4/12/2023,,TRUE,RA,Transition year 1
EC7F470BCB30F37A43FB28029C7CF614,RACP,09/08/22 07:47:00,RALI22-10650886,Group Of Mixed Farms,,6/9/2022,8/5/2022,,CHWaitingForCB,1/1/1900,CB License,Granted,Farming,8/4/2022,8/3/2023,,TRUE,RA,Transition year 2
ECD4CD5B3656B808B5CDE0E3630F1300,RACP,09/08/22 07:47:00,RALI21-10665931,Multi Site,,6/2/2022,,,,,Dummy,Granted,Supply Chain,7/1/2021,9/19/2022,,TRUE,RA,Full certification 1
EDCFF827A4C5F254B284E3ED7D600253,RACP,09/08/22 07:47:00,RALI21-10710117,Multi Farm,Validated,2/1/2022,4/8/2022,1/25/2022,BothConfirmed,12/7/2021,CB License,Granted,Farming,1/1/2022,1/1/2023,,TRUE,RA,
EE509EA471411C1F9B1E5AE3DEA91492,RACP,09/08/22 07:47:00,RALI21-10732749,Multi Site,,3/30/2022,,,BothConfirmed,7/8/2022,,,,,,,,RA,
EE7D37BB7368DF085AB98030559CD0C0,RACP,09/08/22 07:47:00,RALI22-10740595,,,,,,,,,,,,,,,RA,
F2F3D711BBFDAA09BB96563B2C93973C,RACP,09/08/22 07:47:00,RALI22-10941607,,,,,,,,,,,,,,,RA,
F31B069172389D712266F96377A14BEE,RACP,09/08/22 07:47:00,RALI22-10948501,Multi Farm,Pending For CH Action,8/15/2022,4/7/2022,4/27/2022,BothConfirmed,1/11/2022,CB License,Granted,Farming,4/15/2022,4/15/2023,,TRUE,RA,Transition year 1
F38103F3A0318EF9987C44ED28BE691F,RACP,09/08/22 07:47:00,RALI22-10966443,,,9/2/2022,,,,,,,,,,,,RA,
F3870390F9106A404F0C3EFCAD58C05F,RACP,09/08/22 07:47:00,RALI21-10967498,Multi Farm,,1/3/2022,1/28/2022,,,,CB License,Granted,Farming,11/15/2021,11/15/2022,,TRUE,RA,
F49FB5EC353F05F4F22E49B08375637C,RACP,09/08/22 07:47:00,RALI22-11016879,Multi Farm,,9/2/2022,,,,,,,,,,,,RA,
F65861174F300D2CA9992541241C0EB7,RACP,09/08/22 07:47:00,RALI21-11094402,,,,,,,,,,,,,,,RA,
F668C72FB0FF6711FDF3F1C530572422,RACP,09/08/22 07:47:00,RALI22-11097287,,,,,,,,,,,,,,,RA,
F86BE8DCA1B8CD2F4D3FC0615AFBB4EE,RACP,09/08/22 07:47:00,RALI22-11187910,,,,,,,,,,,,,,,RA,
F921F39EB8388F9DC9AC75274B889474,RACP,09/08/22 07:47:00,RALI21-11219935,Multi Site,,4/27/2022,12/21/2021,,BothConfirmed,12/8/2021,Hybrid(CB+Endorsement),Granted,Supply Chain,2/28/2022,2/28/2023,,TRUE,RA,Transition year 1
FB8BD8B5A80768174B50A1E38CA4B09A,RACP,09/08/22 07:47:00,RALI22-11328637,,,,,,,,,,,,,,,RA,
FDCF7727A095939D5B2BA918136B63E8,RACP,09/08/22 07:47:00,RALI22-11430604,Multi Farm,,4/7/2022,,,,,,,,,,,,RA,
